https://blog.barac.at/my-experience-switching-from-tier-2-to-tier-1-exceptional-talent-uk-visa-in-2020,https://barac.at/essays/my-experience-switching-from-tier-2-to-tier-1-tech-nation-exceptional-talent-uk-visa-in-2020
https://blog.barac.at/how-machine-learning-pipelines-evolve-based-on-your-business-maturity,https://barac.at/essays/how-machine-learning-pipelines-evolve-based-on-your-business-maturity
https://blog.barac.at/things-i-wish-i-knew-when-i-first-moved-to-the-uk,https://barac.at/essays/things-i-wish-i-did-when-i-first-moved-to-the-uk
https://blog.barac.at/answers-to-common-questions-for-landing-a-software-engineering-job,https://barac.at/essays/my-tips-for-landing-a-software-engineering-job
https://blog.barac.at/heres-a-challenge-for-you,https://barac.at/essays/heres-a-challenge-for-you
https://blog.barac.at/2-slash-4-questions,https://barac.at/essays/ask-yourself-these-questions-before-starting-something-new
https://blog.barac.at/we-only-need-to-plant-1-trillion-trees,https://barac.at/essays/we-only-need-to-plant-1-trillion-trees
https://blog.barac.at/problems-of-our-generation,https://barac.at/essays/problems-of-our-generation
https://blog.barac.at/on-fighting-distraction,https://barac.at/essays/on-fighting-distraction
https://blog.barac.at/on-providence,https://barac.at/essays/on-providence
https://blog.barac.at/book-notes-12-rules-for-life,https://barac.at/essays/book-notes-12-rules-for-life
https://blog.barac.at/a-business-experiment-in-data-dignity,https://barac.at/essays/request-for-funding-a-business-experiment-in-data-dignity
https://blog.barac.at,https://barac.at/essays